ticket_id,slug,step,role,depends_on,status,assignee,output,notes
C-001,,C,Coordinator,,DONE,,directory layout,book/ created
C-002,,C,Coordinator,,DONE,,roster.csv,generated
C-003,,C,Coordinator,C-002,DONE,,tickets.csv,this file
C-004,,C,Coordinator,,TODO,,check_quotes.py installed,
C-005,,C,Human,,TODO,,PD cutoff year confirmed,
C-006,,C,Coordinator,,DONE,,abcfm/judson split decision,"two chapters, cross-referenced"
S-wittenberg,wittenberg,S,Scout,C-001,TODO,,"sources.csv,scout_notes.md",
F-wittenberg,wittenberg,F,Fetcher,S,TODO,,"raw/,text/",
E-wittenberg,wittenberg,E,Extractor,F,TODO,,"dossier.md,quotes.jsonl,discrepancies.md",
V1-wittenberg,wittenberg,V1,Verifier,E,TODO,,verification.md,
B-wittenberg,wittenberg,B,Abridger,V1=VERIFIED,TODO,,charter_abridged.md,
P-wittenberg,wittenberg,P,Coordinator/Human,V1=VERIFIED,TODO,,rights/permissions_log.csv row,
D-wittenberg,wittenberg,D,Writer,"B,V1=VERIFIED",TODO,,chapters/<part>-<nn>-<slug>.md,
V2-wittenberg,wittenberg,V2,Verifier,D,TODO,,verification.md,
ED-wittenberg,wittenberg,ED,Editor,"V2=VERIFIED,X-001",TODO,,edited chapter+editlog,
H-wittenberg,wittenberg,H,Human,"ED,P",TODO,,status ACCEPTED,
S-zurich-prophezei,zurich-prophezei,S,Scout,C-001,TODO,,"sources.csv,scout_notes.md",
F-zurich-prophezei,zurich-prophezei,F,Fetcher,S,TODO,,"raw/,text/",
E-zurich-prophezei,zurich-prophezei,E,Extractor,F,TODO,,"dossier.md,quotes.jsonl,discrepancies.md",
V1-zurich-prophezei,zurich-prophezei,V1,Verifier,E,TODO,,verification.md,
B-zurich-prophezei,zurich-prophezei,B,Abridger,V1=VERIFIED,TODO,,charter_abridged.md,
P-zurich-prophezei,zurich-prophezei,P,Coordinator/Human,V1=VERIFIED,TODO,,rights/permissions_log.csv row,
D-zurich-prophezei,zurich-prophezei,D,Writer,"B,V1=VERIFIED",TODO,,chapters/<part>-<nn>-<slug>.md,
V2-zurich-prophezei,zurich-prophezei,V2,Verifier,D,TODO,,verification.md,
ED-zurich-prophezei,zurich-prophezei,ED,Editor,"V2=VERIFIED,X-001",TODO,,edited chapter+editlog,
H-zurich-prophezei,zurich-prophezei,H,Human,"ED,P",TODO,,status ACCEPTED,
S-strasbourg-academy,strasbourg-academy,S,Scout,C-001,TODO,,"sources.csv,scout_notes.md",
F-strasbourg-academy,strasbourg-academy,F,Fetcher,S,TODO,,"raw/,text/",
E-strasbourg-academy,strasbourg-academy,E,Extractor,F,TODO,,"dossier.md,quotes.jsonl,discrepancies.md",
V1-strasbourg-academy,strasbourg-academy,V1,Verifier,E,TODO,,verification.md,
B-strasbourg-academy,strasbourg-academy,B,Abridger,V1=VERIFIED,TODO,,charter_abridged.md,
P-strasbourg-academy,strasbourg-academy,P,Coordinator/Human,V1=VERIFIED,TODO,,rights/permissions_log.csv row,
D-strasbourg-academy,strasbourg-academy,D,Writer,"B,V1=VERIFIED",TODO,,chapters/<part>-<nn>-<slug>.md,
V2-strasbourg-academy,strasbourg-academy,V2,Verifier,D,TODO,,verification.md,
ED-strasbourg-academy,strasbourg-academy,ED,Editor,"V2=VERIFIED,X-001",TODO,,edited chapter+editlog,
H-strasbourg-academy,strasbourg-academy,H,Human,"ED,P",TODO,,status ACCEPTED,
S-geneva-academy,geneva-academy,S,Scout,C-001,TODO,,"sources.csv,scout_notes.md",
F-geneva-academy,geneva-academy,F,Fetcher,S,TODO,,"raw/,text/",
E-geneva-academy,geneva-academy,E,Extractor,F,TODO,,"dossier.md,quotes.jsonl,discrepancies.md",
V1-geneva-academy,geneva-academy,V1,Verifier,E,TODO,,verification.md,
B-geneva-academy,geneva-academy,B,Abridger,V1=VERIFIED,TODO,,charter_abridged.md,
P-geneva-academy,geneva-academy,P,Coordinator/Human,V1=VERIFIED,TODO,,rights/permissions_log.csv row,
D-geneva-academy,geneva-academy,D,Writer,"B,V1=VERIFIED",TODO,,chapters/<part>-<nn>-<slug>.md,
V2-geneva-academy,geneva-academy,V2,Verifier,D,TODO,,verification.md,
ED-geneva-academy,geneva-academy,ED,Editor,"V2=VERIFIED,X-001",TODO,,edited chapter+editlog,
H-geneva-academy,geneva-academy,H,Human,"ED,P",TODO,,status ACCEPTED,
S-scotland-first-book-of-discipline,scotland-first-book-of-discipline,S,Scout,C-001,TODO,,"sources.csv,scout_notes.md",
F-scotland-first-book-of-discipline,scotland-first-book-of-discipline,F,Fetcher,S,TODO,,"raw/,text/",
E-scotland-first-book-of-discipline,scotland-first-book-of-discipline,E,Extractor,F,TODO,,"dossier.md,quotes.jsonl,discrepancies.md",
V1-scotland-first-book-of-discipline,scotland-first-book-of-discipline,V1,Verifier,E,TODO,,verification.md,
B-scotland-first-book-of-discipline,scotland-first-book-of-discipline,B,Abridger,V1=VERIFIED,TODO,,charter_abridged.md,
P-scotland-first-book-of-discipline,scotland-first-book-of-discipline,P,Coordinator/Human,V1=VERIFIED,TODO,,rights/permissions_log.csv row,
D-scotland-first-book-of-discipline,scotland-first-book-of-discipline,D,Writer,"B,V1=VERIFIED",TODO,,chapters/<part>-<nn>-<slug>.md,
V2-scotland-first-book-of-discipline,scotland-first-book-of-discipline,V2,Verifier,D,TODO,,verification.md,
ED-scotland-first-book-of-discipline,scotland-first-book-of-discipline,ED,Editor,"V2=VERIFIED,X-001",TODO,,edited chapter+editlog,
H-scotland-first-book-of-discipline,scotland-first-book-of-discipline,H,Human,"ED,P",TODO,,status ACCEPTED,
S-leiden,leiden,S,Scout,C-001,TODO,,"sources.csv,scout_notes.md",
F-leiden,leiden,F,Fetcher,S,TODO,,"raw/,text/",
E-leiden,leiden,E,Extractor,F,TODO,,"dossier.md,quotes.jsonl,discrepancies.md",
V1-leiden,leiden,V1,Verifier,E,TODO,,verification.md,
B-leiden,leiden,B,Abridger,V1=VERIFIED,TODO,,charter_abridged.md,
P-leiden,leiden,P,Coordinator/Human,V1=VERIFIED,TODO,,rights/permissions_log.csv row,
D-leiden,leiden,D,Writer,"B,V1=VERIFIED",TODO,,chapters/<part>-<nn>-<slug>.md,
V2-leiden,leiden,V2,Verifier,D,TODO,,verification.md,
ED-leiden,leiden,ED,Editor,"V2=VERIFIED,X-001",TODO,,edited chapter+editlog,
H-leiden,leiden,H,Human,"ED,P",TODO,,status ACCEPTED,
S-emmanuel-cambridge,emmanuel-cambridge,S,Scout,C-001,TODO,,"sources.csv,scout_notes.md",
F-emmanuel-cambridge,emmanuel-cambridge,F,Fetcher,S,TODO,,"raw/,text/",
E-emmanuel-cambridge,emmanuel-cambridge,E,Extractor,F,TODO,,"dossier.md,quotes.jsonl,discrepancies.md",
V1-emmanuel-cambridge,emmanuel-cambridge,V1,Verifier,E,TODO,,verification.md,
B-emmanuel-cambridge,emmanuel-cambridge,B,Abridger,V1=VERIFIED,TODO,,charter_abridged.md,
P-emmanuel-cambridge,emmanuel-cambridge,P,Coordinator/Human,V1=VERIFIED,TODO,,rights/permissions_log.csv row,
D-emmanuel-cambridge,emmanuel-cambridge,D,Writer,"B,V1=VERIFIED",TODO,,chapters/<part>-<nn>-<slug>.md,
V2-emmanuel-cambridge,emmanuel-cambridge,V2,Verifier,D,TODO,,verification.md,
ED-emmanuel-cambridge,emmanuel-cambridge,ED,Editor,"V2=VERIFIED,X-001",TODO,,edited chapter+editlog,
H-emmanuel-cambridge,emmanuel-cambridge,H,Human,"ED,P",TODO,,status ACCEPTED,
S-saumur-sedan,saumur-sedan,S,Scout,C-001,TODO,,"sources.csv,scout_notes.md",
F-saumur-sedan,saumur-sedan,F,Fetcher,S,TODO,,"raw/,text/",
E-saumur-sedan,saumur-sedan,E,Extractor,F,TODO,,"dossier.md,quotes.jsonl,discrepancies.md",
V1-saumur-sedan,saumur-sedan,V1,Verifier,E,TODO,,verification.md,
B-saumur-sedan,saumur-sedan,B,Abridger,V1=VERIFIED,TODO,,charter_abridged.md,
P-saumur-sedan,saumur-sedan,P,Coordinator/Human,V1=VERIFIED,TODO,,rights/permissions_log.csv row,
D-saumur-sedan,saumur-sedan,D,Writer,"B,V1=VERIFIED",TODO,,chapters/<part>-<nn>-<slug>.md,
V2-saumur-sedan,saumur-sedan,V2,Verifier,D,TODO,,verification.md,
ED-saumur-sedan,saumur-sedan,ED,Editor,"V2=VERIFIED,X-001",TODO,,edited chapter+editlog,
H-saumur-sedan,saumur-sedan,H,Human,"ED,P",TODO,,status ACCEPTED,
S-harvard-college,harvard-college,S,Scout,C-001,TODO,,"sources.csv,scout_notes.md",
F-harvard-college,harvard-college,F,Fetcher,S,TODO,,"raw/,text/",
E-harvard-college,harvard-college,E,Extractor,F,TODO,,"dossier.md,quotes.jsonl,discrepancies.md",
V1-harvard-college,harvard-college,V1,Verifier,E,TODO,,verification.md,
B-harvard-college,harvard-college,B,Abridger,V1=VERIFIED,TODO,,charter_abridged.md,
P-harvard-college,harvard-college,P,Coordinator/Human,V1=VERIFIED,TODO,,rights/permissions_log.csv row,
D-harvard-college,harvard-college,D,Writer,"B,V1=VERIFIED",TODO,,chapters/<part>-<nn>-<slug>.md,
V2-harvard-college,harvard-college,V2,Verifier,D,TODO,,verification.md,
ED-harvard-college,harvard-college,ED,Editor,"V2=VERIFIED,X-001",TODO,,edited chapter+editlog,
H-harvard-college,harvard-college,H,Human,"ED,P",TODO,,status ACCEPTED,
S-yale-college,yale-college,S,Scout,C-001,TODO,,"sources.csv,scout_notes.md",
F-yale-college,yale-college,F,Fetcher,S,TODO,,"raw/,text/",
E-yale-college,yale-college,E,Extractor,F,TODO,,"dossier.md,quotes.jsonl,discrepancies.md",
V1-yale-college,yale-college,V1,Verifier,E,TODO,,verification.md,
B-yale-college,yale-college,B,Abridger,V1=VERIFIED,TODO,,charter_abridged.md,
P-yale-college,yale-college,P,Coordinator/Human,V1=VERIFIED,TODO,,rights/permissions_log.csv row,
D-yale-college,yale-college,D,Writer,"B,V1=VERIFIED",TODO,,chapters/<part>-<nn>-<slug>.md,
V2-yale-college,yale-college,V2,Verifier,D,TODO,,verification.md,
ED-yale-college,yale-college,ED,Editor,"V2=VERIFIED,X-001",TODO,,edited chapter+editlog,
H-yale-college,yale-college,H,Human,"ED,P",TODO,,status ACCEPTED,
S-halle-francke,halle-francke,S,Scout,C-001,TODO,,"sources.csv,scout_notes.md",
F-halle-francke,halle-francke,F,Fetcher,S,TODO,,"raw/,text/",
E-halle-francke,halle-francke,E,Extractor,F,TODO,,"dossier.md,quotes.jsonl,discrepancies.md",
V1-halle-francke,halle-francke,V1,Verifier,E,TODO,,verification.md,
B-halle-francke,halle-francke,B,Abridger,V1=VERIFIED,TODO,,charter_abridged.md,
P-halle-francke,halle-francke,P,Coordinator/Human,V1=VERIFIED,TODO,,rights/permissions_log.csv row,
D-halle-francke,halle-francke,D,Writer,"B,V1=VERIFIED",TODO,,chapters/<part>-<nn>-<slug>.md,
V2-halle-francke,halle-francke,V2,Verifier,D,TODO,,verification.md,
ED-halle-francke,halle-francke,ED,Editor,"V2=VERIFIED,X-001",TODO,,edited chapter+editlog,
H-halle-francke,halle-francke,H,Human,"ED,P",TODO,,status ACCEPTED,
S-herrnhut-moravians,herrnhut-moravians,S,Scout,C-001,TODO,,"sources.csv,scout_notes.md",
F-herrnhut-moravians,herrnhut-moravians,F,Fetcher,S,TODO,,"raw/,text/",
E-herrnhut-moravians,herrnhut-moravians,E,Extractor,F,TODO,,"dossier.md,quotes.jsonl,discrepancies.md",
V1-herrnhut-moravians,herrnhut-moravians,V1,Verifier,E,TODO,,verification.md,
B-herrnhut-moravians,herrnhut-moravians,B,Abridger,V1=VERIFIED,TODO,,charter_abridged.md,
P-herrnhut-moravians,herrnhut-moravians,P,Coordinator/Human,V1=VERIFIED,TODO,,rights/permissions_log.csv row,
D-herrnhut-moravians,herrnhut-moravians,D,Writer,"B,V1=VERIFIED",TODO,,chapters/<part>-<nn>-<slug>.md,
V2-herrnhut-moravians,herrnhut-moravians,V2,Verifier,D,TODO,,verification.md,
ED-herrnhut-moravians,herrnhut-moravians,ED,Editor,"V2=VERIFIED,X-001",TODO,,edited chapter+editlog,
H-herrnhut-moravians,herrnhut-moravians,H,Human,"ED,P",TODO,,status ACCEPTED,
S-bristol-baptist-academy,bristol-baptist-academy,S,Scout,C-001,TODO,,"sources.csv,scout_notes.md",
F-bristol-baptist-academy,bristol-baptist-academy,F,Fetcher,S,TODO,,"raw/,text/",
E-bristol-baptist-academy,bristol-baptist-academy,E,Extractor,F,TODO,,"dossier.md,quotes.jsonl,discrepancies.md",
V1-bristol-baptist-academy,bristol-baptist-academy,V1,Verifier,E,TODO,,verification.md,
B-bristol-baptist-academy,bristol-baptist-academy,B,Abridger,V1=VERIFIED,TODO,,charter_abridged.md,
P-bristol-baptist-academy,bristol-baptist-academy,P,Coordinator/Human,V1=VERIFIED,TODO,,rights/permissions_log.csv row,
D-bristol-baptist-academy,bristol-baptist-academy,D,Writer,"B,V1=VERIFIED",TODO,,chapters/<part>-<nn>-<slug>.md,
V2-bristol-baptist-academy,bristol-baptist-academy,V2,Verifier,D,TODO,,verification.md,
ED-bristol-baptist-academy,bristol-baptist-academy,ED,Editor,"V2=VERIFIED,X-001",TODO,,edited chapter+editlog,
H-bristol-baptist-academy,bristol-baptist-academy,H,Human,"ED,P",TODO,,status ACCEPTED,
S-northampton-academy,northampton-academy,S,Scout,C-001,TODO,,"sources.csv,scout_notes.md",
F-northampton-academy,northampton-academy,F,Fetcher,S,TODO,,"raw/,text/",
E-northampton-academy,northampton-academy,E,Extractor,F,TODO,,"dossier.md,quotes.jsonl,discrepancies.md",
V1-northampton-academy,northampton-academy,V1,Verifier,E,TODO,,verification.md,
B-northampton-academy,northampton-academy,B,Abridger,V1=VERIFIED,TODO,,charter_abridged.md,
P-northampton-academy,northampton-academy,P,Coordinator/Human,V1=VERIFIED,TODO,,rights/permissions_log.csv row,
D-northampton-academy,northampton-academy,D,Writer,"B,V1=VERIFIED",TODO,,chapters/<part>-<nn>-<slug>.md,
V2-northampton-academy,northampton-academy,V2,Verifier,D,TODO,,verification.md,
ED-northampton-academy,northampton-academy,ED,Editor,"V2=VERIFIED,X-001",TODO,,edited chapter+editlog,
H-northampton-academy,northampton-academy,H,Human,"ED,P",TODO,,status ACCEPTED,
S-log-college,log-college,S,Scout,C-001,TODO,,"sources.csv,scout_notes.md",
F-log-college,log-college,F,Fetcher,S,TODO,,"raw/,text/",
E-log-college,log-college,E,Extractor,F,TODO,,"dossier.md,quotes.jsonl,discrepancies.md",
V1-log-college,log-college,V1,Verifier,E,TODO,,verification.md,
B-log-college,log-college,B,Abridger,V1=VERIFIED,TODO,,charter_abridged.md,
P-log-college,log-college,P,Coordinator/Human,V1=VERIFIED,TODO,,rights/permissions_log.csv row,
D-log-college,log-college,D,Writer,"B,V1=VERIFIED",TODO,,chapters/<part>-<nn>-<slug>.md,
V2-log-college,log-college,V2,Verifier,D,TODO,,verification.md,
ED-log-college,log-college,ED,Editor,"V2=VERIFIED,X-001",TODO,,edited chapter+editlog,
H-log-college,log-college,H,Human,"ED,P",TODO,,status ACCEPTED,
S-college-of-new-jersey,college-of-new-jersey,S,Scout,C-001,TODO,,"sources.csv,scout_notes.md",
F-college-of-new-jersey,college-of-new-jersey,F,Fetcher,S,TODO,,"raw/,text/",
E-college-of-new-jersey,college-of-new-jersey,E,Extractor,F,TODO,,"dossier.md,quotes.jsonl,discrepancies.md",
V1-college-of-new-jersey,college-of-new-jersey,V1,Verifier,E,TODO,,verification.md,
B-college-of-new-jersey,college-of-new-jersey,B,Abridger,V1=VERIFIED,TODO,,charter_abridged.md,
P-college-of-new-jersey,college-of-new-jersey,P,Coordinator/Human,V1=VERIFIED,TODO,,rights/permissions_log.csv row,
D-college-of-new-jersey,college-of-new-jersey,D,Writer,"B,V1=VERIFIED",TODO,,chapters/<part>-<nn>-<slug>.md,
V2-college-of-new-jersey,college-of-new-jersey,V2,Verifier,D,TODO,,verification.md,
ED-college-of-new-jersey,college-of-new-jersey,ED,Editor,"V2=VERIFIED,X-001",TODO,,edited chapter+editlog,
H-college-of-new-jersey,college-of-new-jersey,H,Human,"ED,P",TODO,,status ACCEPTED,
S-trevecca,trevecca,S,Scout,C-001,TODO,,"sources.csv,scout_notes.md",
F-trevecca,trevecca,F,Fetcher,S,TODO,,"raw/,text/",
E-trevecca,trevecca,E,Extractor,F,TODO,,"dossier.md,quotes.jsonl,discrepancies.md",
V1-trevecca,trevecca,V1,Verifier,E,TODO,,verification.md,
B-trevecca,trevecca,B,Abridger,V1=VERIFIED,TODO,,charter_abridged.md,
P-trevecca,trevecca,P,Coordinator/Human,V1=VERIFIED,TODO,,rights/permissions_log.csv row,
D-trevecca,trevecca,D,Writer,"B,V1=VERIFIED",TODO,,chapters/<part>-<nn>-<slug>.md,
V2-trevecca,trevecca,V2,Verifier,D,TODO,,verification.md,
ED-trevecca,trevecca,ED,Editor,"V2=VERIFIED,X-001",TODO,,edited chapter+editlog,
H-trevecca,trevecca,H,Human,"ED,P",TODO,,status ACCEPTED,
S-baptist-missionary-society,baptist-missionary-society,S,Scout,C-001,TODO,,"sources.csv,scout_notes.md",
F-baptist-missionary-society,baptist-missionary-society,F,Fetcher,S,TODO,,"raw/,text/",
E-baptist-missionary-society,baptist-missionary-society,E,Extractor,F,TODO,,"dossier.md,quotes.jsonl,discrepancies.md",
V1-baptist-missionary-society,baptist-missionary-society,V1,Verifier,E,TODO,,verification.md,
B-baptist-missionary-society,baptist-missionary-society,B,Abridger,V1=VERIFIED,TODO,,charter_abridged.md,
P-baptist-missionary-society,baptist-missionary-society,P,Coordinator/Human,V1=VERIFIED,TODO,,rights/permissions_log.csv row,
D-baptist-missionary-society,baptist-missionary-society,D,Writer,"B,V1=VERIFIED",TODO,,chapters/<part>-<nn>-<slug>.md,
V2-baptist-missionary-society,baptist-missionary-society,V2,Verifier,D,TODO,,verification.md,
ED-baptist-missionary-society,baptist-missionary-society,ED,Editor,"V2=VERIFIED,X-001",TODO,,edited chapter+editlog,
H-baptist-missionary-society,baptist-missionary-society,H,Human,"ED,P",TODO,,status ACCEPTED,
S-london-missionary-society,london-missionary-society,S,Scout,C-001,TODO,,"sources.csv,scout_notes.md",
F-london-missionary-society,london-missionary-society,F,Fetcher,S,TODO,,"raw/,text/",
E-london-missionary-society,london-missionary-society,E,Extractor,F,TODO,,"dossier.md,quotes.jsonl,discrepancies.md",
V1-london-missionary-society,london-missionary-society,V1,Verifier,E,TODO,,verification.md,
B-london-missionary-society,london-missionary-society,B,Abridger,V1=VERIFIED,TODO,,charter_abridged.md,
P-london-missionary-society,london-missionary-society,P,Coordinator/Human,V1=VERIFIED,TODO,,rights/permissions_log.csv row,
D-london-missionary-society,london-missionary-society,D,Writer,"B,V1=VERIFIED",TODO,,chapters/<part>-<nn>-<slug>.md,
V2-london-missionary-society,london-missionary-society,V2,Verifier,D,TODO,,verification.md,
ED-london-missionary-society,london-missionary-society,ED,Editor,"V2=VERIFIED,X-001",TODO,,edited chapter+editlog,
H-london-missionary-society,london-missionary-society,H,Human,"ED,P",TODO,,status ACCEPTED,
S-church-missionary-society,church-missionary-society,S,Scout,C-001,TODO,,"sources.csv,scout_notes.md",
F-church-missionary-society,church-missionary-society,F,Fetcher,S,TODO,,"raw/,text/",
E-church-missionary-society,church-missionary-society,E,Extractor,F,TODO,,"dossier.md,quotes.jsonl,discrepancies.md",
V1-church-missionary-society,church-missionary-society,V1,Verifier,E,TODO,,verification.md,
B-church-missionary-society,church-missionary-society,B,Abridger,V1=VERIFIED,TODO,,charter_abridged.md,
P-church-missionary-society,church-missionary-society,P,Coordinator/Human,V1=VERIFIED,TODO,,rights/permissions_log.csv row,
D-church-missionary-society,church-missionary-society,D,Writer,"B,V1=VERIFIED",TODO,,chapters/<part>-<nn>-<slug>.md,
V2-church-missionary-society,church-missionary-society,V2,Verifier,D,TODO,,verification.md,
ED-church-missionary-society,church-missionary-society,ED,Editor,"V2=VERIFIED,X-001",TODO,,edited chapter+editlog,
H-church-missionary-society,church-missionary-society,H,Human,"ED,P",TODO,,status ACCEPTED,
S-andover-seminary,andover-seminary,S,Scout,C-001,TODO,,"sources.csv,scout_notes.md",
F-andover-seminary,andover-seminary,F,Fetcher,S,TODO,,"raw/,text/",
E-andover-seminary,andover-seminary,E,Extractor,F,TODO,,"dossier.md,quotes.jsonl,discrepancies.md",
V1-andover-seminary,andover-seminary,V1,Verifier,E,TODO,,verification.md,
B-andover-seminary,andover-seminary,B,Abridger,V1=VERIFIED,TODO,,charter_abridged.md,
P-andover-seminary,andover-seminary,P,Coordinator/Human,V1=VERIFIED,TODO,,rights/permissions_log.csv row,
D-andover-seminary,andover-seminary,D,Writer,"B,V1=VERIFIED",TODO,,chapters/<part>-<nn>-<slug>.md,
V2-andover-seminary,andover-seminary,V2,Verifier,D,TODO,,verification.md,
ED-andover-seminary,andover-seminary,ED,Editor,"V2=VERIFIED,X-001",TODO,,edited chapter+editlog,
H-andover-seminary,andover-seminary,H,Human,"ED,P",TODO,,status ACCEPTED,
S-abcfm,abcfm,S,Scout,C-001,TODO,,"sources.csv,scout_notes.md",
F-abcfm,abcfm,F,Fetcher,S,TODO,,"raw/,text/",
E-abcfm,abcfm,E,Extractor,F,TODO,,"dossier.md,quotes.jsonl,discrepancies.md",
V1-abcfm,abcfm,V1,Verifier,E,TODO,,verification.md,
B-abcfm,abcfm,B,Abridger,V1=VERIFIED,TODO,,charter_abridged.md,
P-abcfm,abcfm,P,Coordinator/Human,V1=VERIFIED,TODO,,rights/permissions_log.csv row,
D-abcfm,abcfm,D,Writer,"B,V1=VERIFIED",TODO,,chapters/<part>-<nn>-<slug>.md,
V2-abcfm,abcfm,V2,Verifier,D,TODO,,verification.md,
ED-abcfm,abcfm,ED,Editor,"V2=VERIFIED,X-001",TODO,,edited chapter+editlog,
H-abcfm,abcfm,H,Human,"ED,P",TODO,,status ACCEPTED,
S-judson-triennial-convention,judson-triennial-convention,S,Scout,C-001,TODO,,"sources.csv,scout_notes.md",
F-judson-triennial-convention,judson-triennial-convention,F,Fetcher,S,TODO,,"raw/,text/",
E-judson-triennial-convention,judson-triennial-convention,E,Extractor,F,TODO,,"dossier.md,quotes.jsonl,discrepancies.md",
V1-judson-triennial-convention,judson-triennial-convention,V1,Verifier,E,TODO,,verification.md,
B-judson-triennial-convention,judson-triennial-convention,B,Abridger,V1=VERIFIED,TODO,,charter_abridged.md,
P-judson-triennial-convention,judson-triennial-convention,P,Coordinator/Human,V1=VERIFIED,TODO,,rights/permissions_log.csv row,
D-judson-triennial-convention,judson-triennial-convention,D,Writer,"B,V1=VERIFIED",TODO,,chapters/<part>-<nn>-<slug>.md,
V2-judson-triennial-convention,judson-triennial-convention,V2,Verifier,D,TODO,,verification.md,
ED-judson-triennial-convention,judson-triennial-convention,ED,Editor,"V2=VERIFIED,X-001",TODO,,edited chapter+editlog,
H-judson-triennial-convention,judson-triennial-convention,H,Human,"ED,P",TODO,,status ACCEPTED,
S-princeton-seminary,princeton-seminary,S,Scout,C-001,TODO,,"sources.csv,scout_notes.md",
F-princeton-seminary,princeton-seminary,F,Fetcher,S,TODO,,"raw/,text/",
E-princeton-seminary,princeton-seminary,E,Extractor,F,TODO,,"dossier.md,quotes.jsonl,discrepancies.md",
V1-princeton-seminary,princeton-seminary,V1,Verifier,E,TODO,,verification.md,
B-princeton-seminary,princeton-seminary,B,Abridger,V1=VERIFIED,TODO,,charter_abridged.md,
P-princeton-seminary,princeton-seminary,P,Coordinator/Human,V1=VERIFIED,TODO,,rights/permissions_log.csv row,
D-princeton-seminary,princeton-seminary,D,Writer,"B,V1=VERIFIED",TODO,,chapters/<part>-<nn>-<slug>.md,
V2-princeton-seminary,princeton-seminary,V2,Verifier,D,TODO,,verification.md,
ED-princeton-seminary,princeton-seminary,ED,Editor,"V2=VERIFIED,X-001",TODO,,edited chapter+editlog,
H-princeton-seminary,princeton-seminary,H,Human,"ED,P",TODO,,status ACCEPTED,
S-basel-mission,basel-mission,S,Scout,C-001,TODO,,"sources.csv,scout_notes.md",
F-basel-mission,basel-mission,F,Fetcher,S,TODO,,"raw/,text/",
E-basel-mission,basel-mission,E,Extractor,F,TODO,,"dossier.md,quotes.jsonl,discrepancies.md",
V1-basel-mission,basel-mission,V1,Verifier,E,TODO,,verification.md,
B-basel-mission,basel-mission,B,Abridger,V1=VERIFIED,TODO,,charter_abridged.md,
P-basel-mission,basel-mission,P,Coordinator/Human,V1=VERIFIED,TODO,,rights/permissions_log.csv row,
D-basel-mission,basel-mission,D,Writer,"B,V1=VERIFIED",TODO,,chapters/<part>-<nn>-<slug>.md,
V2-basel-mission,basel-mission,V2,Verifier,D,TODO,,verification.md,
ED-basel-mission,basel-mission,ED,Editor,"V2=VERIFIED,X-001",TODO,,edited chapter+editlog,
H-basel-mission,basel-mission,H,Human,"ED,P",TODO,,status ACCEPTED,
S-serampore-college,serampore-college,S,Scout,C-001,TODO,,"sources.csv,scout_notes.md",
F-serampore-college,serampore-college,F,Fetcher,S,TODO,,"raw/,text/",
E-serampore-college,serampore-college,E,Extractor,F,TODO,,"dossier.md,quotes.jsonl,discrepancies.md",
V1-serampore-college,serampore-college,V1,Verifier,E,TODO,,verification.md,
B-serampore-college,serampore-college,B,Abridger,V1=VERIFIED,TODO,,charter_abridged.md,
P-serampore-college,serampore-college,P,Coordinator/Human,V1=VERIFIED,TODO,,rights/permissions_log.csv row,
D-serampore-college,serampore-college,D,Writer,"B,V1=VERIFIED",TODO,,chapters/<part>-<nn>-<slug>.md,
V2-serampore-college,serampore-college,V2,Verifier,D,TODO,,verification.md,
ED-serampore-college,serampore-college,ED,Editor,"V2=VERIFIED,X-001",TODO,,edited chapter+editlog,
H-serampore-college,serampore-college,H,Human,"ED,P",TODO,,status ACCEPTED,
S-new-college-edinburgh,new-college-edinburgh,S,Scout,C-001,TODO,,"sources.csv,scout_notes.md",
F-new-college-edinburgh,new-college-edinburgh,F,Fetcher,S,TODO,,"raw/,text/",
E-new-college-edinburgh,new-college-edinburgh,E,Extractor,F,TODO,,"dossier.md,quotes.jsonl,discrepancies.md",
V1-new-college-edinburgh,new-college-edinburgh,V1,Verifier,E,TODO,,verification.md,
B-new-college-edinburgh,new-college-edinburgh,B,Abridger,V1=VERIFIED,TODO,,charter_abridged.md,
P-new-college-edinburgh,new-college-edinburgh,P,Coordinator/Human,V1=VERIFIED,TODO,,rights/permissions_log.csv row,
D-new-college-edinburgh,new-college-edinburgh,D,Writer,"B,V1=VERIFIED",TODO,,chapters/<part>-<nn>-<slug>.md,
V2-new-college-edinburgh,new-college-edinburgh,V2,Verifier,D,TODO,,verification.md,
ED-new-college-edinburgh,new-college-edinburgh,ED,Editor,"V2=VERIFIED,X-001",TODO,,edited chapter+editlog,
H-new-college-edinburgh,new-college-edinburgh,H,Human,"ED,P",TODO,,status ACCEPTED,
S-pastors-college,pastors-college,S,Scout,C-001,TODO,,"sources.csv,scout_notes.md",
F-pastors-college,pastors-college,F,Fetcher,S,TODO,,"raw/,text/",
E-pastors-college,pastors-college,E,Extractor,F,TODO,,"dossier.md,quotes.jsonl,discrepancies.md",
V1-pastors-college,pastors-college,V1,Verifier,E,TODO,,verification.md,
B-pastors-college,pastors-college,B,Abridger,V1=VERIFIED,TODO,,charter_abridged.md,
P-pastors-college,pastors-college,P,Coordinator/Human,V1=VERIFIED,TODO,,rights/permissions_log.csv row,
D-pastors-college,pastors-college,D,Writer,"B,V1=VERIFIED",TODO,,chapters/<part>-<nn>-<slug>.md,
V2-pastors-college,pastors-college,V2,Verifier,D,TODO,,verification.md,
ED-pastors-college,pastors-college,ED,Editor,"V2=VERIFIED,X-001",TODO,,edited chapter+editlog,
H-pastors-college,pastors-college,H,Human,"ED,P",TODO,,status ACCEPTED,
S-southern-baptist-seminary,southern-baptist-seminary,S,Scout,C-001,TODO,,"sources.csv,scout_notes.md",
F-southern-baptist-seminary,southern-baptist-seminary,F,Fetcher,S,TODO,,"raw/,text/",
E-southern-baptist-seminary,southern-baptist-seminary,E,Extractor,F,TODO,,"dossier.md,quotes.jsonl,discrepancies.md",
V1-southern-baptist-seminary,southern-baptist-seminary,V1,Verifier,E,TODO,,verification.md,
B-southern-baptist-seminary,southern-baptist-seminary,B,Abridger,V1=VERIFIED,TODO,,charter_abridged.md,
P-southern-baptist-seminary,southern-baptist-seminary,P,Coordinator/Human,V1=VERIFIED,TODO,,rights/permissions_log.csv row,
D-southern-baptist-seminary,southern-baptist-seminary,D,Writer,"B,V1=VERIFIED",TODO,,chapters/<part>-<nn>-<slug>.md,
V2-southern-baptist-seminary,southern-baptist-seminary,V2,Verifier,D,TODO,,verification.md,
ED-southern-baptist-seminary,southern-baptist-seminary,ED,Editor,"V2=VERIFIED,X-001",TODO,,edited chapter+editlog,
H-southern-baptist-seminary,southern-baptist-seminary,H,Human,"ED,P",TODO,,status ACCEPTED,
S-china-inland-mission,china-inland-mission,S,Scout,C-001,TODO,,"sources.csv,scout_notes.md",
F-china-inland-mission,china-inland-mission,F,Fetcher,S,TODO,,"raw/,text/",
E-china-inland-mission,china-inland-mission,E,Extractor,F,TODO,,"dossier.md,quotes.jsonl,discrepancies.md",
V1-china-inland-mission,china-inland-mission,V1,Verifier,E,TODO,,verification.md,
B-china-inland-mission,china-inland-mission,B,Abridger,V1=VERIFIED,TODO,,charter_abridged.md,
P-china-inland-mission,china-inland-mission,P,Coordinator/Human,V1=VERIFIED,TODO,,rights/permissions_log.csv row,
D-china-inland-mission,china-inland-mission,D,Writer,"B,V1=VERIFIED",TODO,,chapters/<part>-<nn>-<slug>.md,
V2-china-inland-mission,china-inland-mission,V2,Verifier,D,TODO,,verification.md,
ED-china-inland-mission,china-inland-mission,ED,Editor,"V2=VERIFIED,X-001",TODO,,edited chapter+editlog,
H-china-inland-mission,china-inland-mission,H,Human,"ED,P",TODO,,status ACCEPTED,
S-east-london-institute,east-london-institute,S,Scout,C-001,TODO,,"sources.csv,scout_notes.md",
F-east-london-institute,east-london-institute,F,Fetcher,S,TODO,,"raw/,text/",
E-east-london-institute,east-london-institute,E,Extractor,F,TODO,,"dossier.md,quotes.jsonl,discrepancies.md",
V1-east-london-institute,east-london-institute,V1,Verifier,E,TODO,,verification.md,
B-east-london-institute,east-london-institute,B,Abridger,V1=VERIFIED,TODO,,charter_abridged.md,
P-east-london-institute,east-london-institute,P,Coordinator/Human,V1=VERIFIED,TODO,,rights/permissions_log.csv row,
D-east-london-institute,east-london-institute,D,Writer,"B,V1=VERIFIED",TODO,,chapters/<part>-<nn>-<slug>.md,
V2-east-london-institute,east-london-institute,V2,Verifier,D,TODO,,verification.md,
ED-east-london-institute,east-london-institute,ED,Editor,"V2=VERIFIED,X-001",TODO,,edited chapter+editlog,
H-east-london-institute,east-london-institute,H,Human,"ED,P",TODO,,status ACCEPTED,
S-nyack-mti,nyack-mti,S,Scout,C-001,TODO,,"sources.csv,scout_notes.md",
F-nyack-mti,nyack-mti,F,Fetcher,S,TODO,,"raw/,text/",
E-nyack-mti,nyack-mti,E,Extractor,F,TODO,,"dossier.md,quotes.jsonl,discrepancies.md",
V1-nyack-mti,nyack-mti,V1,Verifier,E,TODO,,verification.md,
B-nyack-mti,nyack-mti,B,Abridger,V1=VERIFIED,TODO,,charter_abridged.md,
P-nyack-mti,nyack-mti,P,Coordinator/Human,V1=VERIFIED,TODO,,rights/permissions_log.csv row,
D-nyack-mti,nyack-mti,D,Writer,"B,V1=VERIFIED",TODO,,chapters/<part>-<nn>-<slug>.md,
V2-nyack-mti,nyack-mti,V2,Verifier,D,TODO,,verification.md,
ED-nyack-mti,nyack-mti,ED,Editor,"V2=VERIFIED,X-001",TODO,,edited chapter+editlog,
H-nyack-mti,nyack-mti,H,Human,"ED,P",TODO,,status ACCEPTED,
S-moody-bible-institute,moody-bible-institute,S,Scout,C-001,TODO,,"sources.csv,scout_notes.md",
F-moody-bible-institute,moody-bible-institute,F,Fetcher,S,TODO,,"raw/,text/",
E-moody-bible-institute,moody-bible-institute,E,Extractor,F,TODO,,"dossier.md,quotes.jsonl,discrepancies.md",
V1-moody-bible-institute,moody-bible-institute,V1,Verifier,E,TODO,,verification.md,
B-moody-bible-institute,moody-bible-institute,B,Abridger,V1=VERIFIED,TODO,,charter_abridged.md,
P-moody-bible-institute,moody-bible-institute,P,Coordinator/Human,V1=VERIFIED,TODO,,rights/permissions_log.csv row,
D-moody-bible-institute,moody-bible-institute,D,Writer,"B,V1=VERIFIED",TODO,,chapters/<part>-<nn>-<slug>.md,
V2-moody-bible-institute,moody-bible-institute,V2,Verifier,D,TODO,,verification.md,
ED-moody-bible-institute,moody-bible-institute,ED,Editor,"V2=VERIFIED,X-001",TODO,,edited chapter+editlog,
H-moody-bible-institute,moody-bible-institute,H,Human,"ED,P",TODO,,status ACCEPTED,
S-student-volunteer-movement,student-volunteer-movement,S,Scout,C-001,TODO,,"sources.csv,scout_notes.md",
F-student-volunteer-movement,student-volunteer-movement,F,Fetcher,S,TODO,,"raw/,text/",
E-student-volunteer-movement,student-volunteer-movement,E,Extractor,F,TODO,,"dossier.md,quotes.jsonl,discrepancies.md",
V1-student-volunteer-movement,student-volunteer-movement,V1,Verifier,E,TODO,,verification.md,
B-student-volunteer-movement,student-volunteer-movement,B,Abridger,V1=VERIFIED,TODO,,charter_abridged.md,
P-student-volunteer-movement,student-volunteer-movement,P,Coordinator/Human,V1=VERIFIED,TODO,,rights/permissions_log.csv row,
D-student-volunteer-movement,student-volunteer-movement,D,Writer,"B,V1=VERIFIED",TODO,,chapters/<part>-<nn>-<slug>.md,
V2-student-volunteer-movement,student-volunteer-movement,V2,Verifier,D,TODO,,verification.md,
ED-student-volunteer-movement,student-volunteer-movement,ED,Editor,"V2=VERIFIED,X-001",TODO,,edited chapter+editlog,
H-student-volunteer-movement,student-volunteer-movement,H,Human,"ED,P",TODO,,status ACCEPTED,
S-aim-sim,aim-sim,S,Scout,C-001,TODO,,"sources.csv,scout_notes.md",
F-aim-sim,aim-sim,F,Fetcher,S,TODO,,"raw/,text/",
E-aim-sim,aim-sim,E,Extractor,F,TODO,,"dossier.md,quotes.jsonl,discrepancies.md",
V1-aim-sim,aim-sim,V1,Verifier,E,TODO,,verification.md,
B-aim-sim,aim-sim,B,Abridger,V1=VERIFIED,TODO,,charter_abridged.md,
P-aim-sim,aim-sim,P,Coordinator/Human,V1=VERIFIED,TODO,,rights/permissions_log.csv row,
D-aim-sim,aim-sim,D,Writer,"B,V1=VERIFIED",TODO,,chapters/<part>-<nn>-<slug>.md,
V2-aim-sim,aim-sim,V2,Verifier,D,TODO,,verification.md,
ED-aim-sim,aim-sim,ED,Editor,"V2=VERIFIED,X-001",TODO,,edited chapter+editlog,
H-aim-sim,aim-sim,H,Human,"ED,P",TODO,,status ACCEPTED,
S-biola,biola,S,Scout,C-001,TODO,,"sources.csv,scout_notes.md",
F-biola,biola,F,Fetcher,S,TODO,,"raw/,text/",
E-biola,biola,E,Extractor,F,TODO,,"dossier.md,quotes.jsonl,discrepancies.md",
V1-biola,biola,V1,Verifier,E,TODO,,verification.md,
B-biola,biola,B,Abridger,V1=VERIFIED,TODO,,charter_abridged.md,
P-biola,biola,P,Coordinator/Human,V1=VERIFIED,TODO,,rights/permissions_log.csv row,
D-biola,biola,D,Writer,"B,V1=VERIFIED",TODO,,chapters/<part>-<nn>-<slug>.md,
V2-biola,biola,V2,Verifier,D,TODO,,verification.md,
ED-biola,biola,ED,Editor,"V2=VERIFIED,X-001",TODO,,edited chapter+editlog,
H-biola,biola,H,Human,"ED,P",TODO,,status ACCEPTED,
S-glasgow-bti,glasgow-bti,S,Scout,C-001,TODO,,"sources.csv,scout_notes.md",
F-glasgow-bti,glasgow-bti,F,Fetcher,S,TODO,,"raw/,text/",
E-glasgow-bti,glasgow-bti,E,Extractor,F,TODO,,"dossier.md,quotes.jsonl,discrepancies.md",
V1-glasgow-bti,glasgow-bti,V1,Verifier,E,TODO,,verification.md,
B-glasgow-bti,glasgow-bti,B,Abridger,V1=VERIFIED,TODO,,charter_abridged.md,
P-glasgow-bti,glasgow-bti,P,Coordinator/Human,V1=VERIFIED,TODO,,rights/permissions_log.csv row,
D-glasgow-bti,glasgow-bti,D,Writer,"B,V1=VERIFIED",TODO,,chapters/<part>-<nn>-<slug>.md,
V2-glasgow-bti,glasgow-bti,V2,Verifier,D,TODO,,verification.md,
ED-glasgow-bti,glasgow-bti,ED,Editor,"V2=VERIFIED,X-001",TODO,,edited chapter+editlog,
H-glasgow-bti,glasgow-bti,H,Human,"ED,P",TODO,,status ACCEPTED,
S-prairie-bible-institute,prairie-bible-institute,S,Scout,C-001,TODO,,"sources.csv,scout_notes.md",
F-prairie-bible-institute,prairie-bible-institute,F,Fetcher,S,TODO,,"raw/,text/",
E-prairie-bible-institute,prairie-bible-institute,E,Extractor,F,TODO,,"dossier.md,quotes.jsonl,discrepancies.md",
V1-prairie-bible-institute,prairie-bible-institute,V1,Verifier,E,TODO,,verification.md,
B-prairie-bible-institute,prairie-bible-institute,B,Abridger,V1=VERIFIED,TODO,,charter_abridged.md,
P-prairie-bible-institute,prairie-bible-institute,P,Coordinator/Human,V1=VERIFIED,TODO,,rights/permissions_log.csv row,
D-prairie-bible-institute,prairie-bible-institute,D,Writer,"B,V1=VERIFIED",TODO,,chapters/<part>-<nn>-<slug>.md,
V2-prairie-bible-institute,prairie-bible-institute,V2,Verifier,D,TODO,,verification.md,
ED-prairie-bible-institute,prairie-bible-institute,ED,Editor,"V2=VERIFIED,X-001",TODO,,edited chapter+editlog,
H-prairie-bible-institute,prairie-bible-institute,H,Human,"ED,P",TODO,,status ACCEPTED,
S-columbia-bible-college,columbia-bible-college,S,Scout,C-001,TODO,,"sources.csv,scout_notes.md",
F-columbia-bible-college,columbia-bible-college,F,Fetcher,S,TODO,,"raw/,text/",
E-columbia-bible-college,columbia-bible-college,E,Extractor,F,TODO,,"dossier.md,quotes.jsonl,discrepancies.md",
V1-columbia-bible-college,columbia-bible-college,V1,Verifier,E,TODO,,verification.md,
B-columbia-bible-college,columbia-bible-college,B,Abridger,V1=VERIFIED,TODO,,charter_abridged.md,
P-columbia-bible-college,columbia-bible-college,P,Coordinator/Human,V1=VERIFIED,TODO,,rights/permissions_log.csv row,
D-columbia-bible-college,columbia-bible-college,D,Writer,"B,V1=VERIFIED",TODO,,chapters/<part>-<nn>-<slug>.md,
V2-columbia-bible-college,columbia-bible-college,V2,Verifier,D,TODO,,verification.md,
ED-columbia-bible-college,columbia-bible-college,ED,Editor,"V2=VERIFIED,X-001",TODO,,edited chapter+editlog,
H-columbia-bible-college,columbia-bible-college,H,Human,"ED,P",TODO,,status ACCEPTED,
S-westminster-seminary,westminster-seminary,S,Scout,C-001,TODO,,"sources.csv,scout_notes.md",
F-westminster-seminary,westminster-seminary,F,Fetcher,S,TODO,,"raw/,text/",
E-westminster-seminary,westminster-seminary,E,Extractor,F,TODO,,"dossier.md,quotes.jsonl,discrepancies.md",
V1-westminster-seminary,westminster-seminary,V1,Verifier,E,TODO,,verification.md,
B-westminster-seminary,westminster-seminary,B,Abridger,V1=VERIFIED,TODO,,charter_abridged.md,
P-westminster-seminary,westminster-seminary,P,Coordinator/Human,V1=VERIFIED,TODO,,rights/permissions_log.csv row,
D-westminster-seminary,westminster-seminary,D,Writer,"B,V1=VERIFIED",TODO,,chapters/<part>-<nn>-<slug>.md,
V2-westminster-seminary,westminster-seminary,V2,Verifier,D,TODO,,verification.md,
ED-westminster-seminary,westminster-seminary,ED,Editor,"V2=VERIFIED,X-001",TODO,,edited chapter+editlog,
H-westminster-seminary,westminster-seminary,H,Human,"ED,P",TODO,,status ACCEPTED,
S-wycliffe-sil,wycliffe-sil,S,Scout,C-001,TODO,,"sources.csv,scout_notes.md",
F-wycliffe-sil,wycliffe-sil,F,Fetcher,S,TODO,,"raw/,text/",
E-wycliffe-sil,wycliffe-sil,E,Extractor,F,TODO,,"dossier.md,quotes.jsonl,discrepancies.md",
V1-wycliffe-sil,wycliffe-sil,V1,Verifier,E,TODO,,verification.md,
B-wycliffe-sil,wycliffe-sil,B,Abridger,V1=VERIFIED,TODO,,charter_abridged.md,
P-wycliffe-sil,wycliffe-sil,P,Coordinator/Human,V1=VERIFIED,TODO,,rights/permissions_log.csv row,
D-wycliffe-sil,wycliffe-sil,D,Writer,"B,V1=VERIFIED",TODO,,chapters/<part>-<nn>-<slug>.md,
V2-wycliffe-sil,wycliffe-sil,V2,Verifier,D,TODO,,verification.md,
ED-wycliffe-sil,wycliffe-sil,ED,Editor,"V2=VERIFIED,X-001",TODO,,edited chapter+editlog,
H-wycliffe-sil,wycliffe-sil,H,Human,"ED,P",TODO,,status ACCEPTED,
S-wheaton-college,wheaton-college,S,Scout,C-001,TODO,,"sources.csv,scout_notes.md",
F-wheaton-college,wheaton-college,F,Fetcher,S,TODO,,"raw/,text/",
E-wheaton-college,wheaton-college,E,Extractor,F,TODO,,"dossier.md,quotes.jsonl,discrepancies.md",
V1-wheaton-college,wheaton-college,V1,Verifier,E,TODO,,verification.md,
B-wheaton-college,wheaton-college,B,Abridger,V1=VERIFIED,TODO,,charter_abridged.md,
P-wheaton-college,wheaton-college,P,Coordinator/Human,V1=VERIFIED,TODO,,rights/permissions_log.csv row,
D-wheaton-college,wheaton-college,D,Writer,"B,V1=VERIFIED",TODO,,chapters/<part>-<nn>-<slug>.md,
V2-wheaton-college,wheaton-college,V2,Verifier,D,TODO,,verification.md,
ED-wheaton-college,wheaton-college,ED,Editor,"V2=VERIFIED,X-001",TODO,,edited chapter+editlog,
H-wheaton-college,wheaton-college,H,Human,"ED,P",TODO,,status ACCEPTED,
S-cmml-brethren,cmml-brethren,S,Scout,C-001,TODO,,"sources.csv,scout_notes.md",
F-cmml-brethren,cmml-brethren,F,Fetcher,S,TODO,,"raw/,text/",
E-cmml-brethren,cmml-brethren,E,Extractor,F,TODO,,"dossier.md,quotes.jsonl,discrepancies.md",
V1-cmml-brethren,cmml-brethren,V1,Verifier,E,TODO,,verification.md,
B-cmml-brethren,cmml-brethren,B,Abridger,V1=VERIFIED,TODO,,charter_abridged.md,
P-cmml-brethren,cmml-brethren,P,Coordinator/Human,V1=VERIFIED,TODO,,rights/permissions_log.csv row,
D-cmml-brethren,cmml-brethren,D,Writer,"B,V1=VERIFIED",TODO,,chapters/<part>-<nn>-<slug>.md,
V2-cmml-brethren,cmml-brethren,V2,Verifier,D,TODO,,verification.md,
ED-cmml-brethren,cmml-brethren,ED,Editor,"V2=VERIFIED,X-001",TODO,,edited chapter+editlog,
H-cmml-brethren,cmml-brethren,H,Human,"ED,P",TODO,,status ACCEPTED,
S-inter-varsity-urbana,inter-varsity-urbana,S,Scout,C-001,TODO,,"sources.csv,scout_notes.md",
F-inter-varsity-urbana,inter-varsity-urbana,F,Fetcher,S,TODO,,"raw/,text/",
E-inter-varsity-urbana,inter-varsity-urbana,E,Extractor,F,TODO,,"dossier.md,quotes.jsonl,discrepancies.md",
V1-inter-varsity-urbana,inter-varsity-urbana,V1,Verifier,E,TODO,,verification.md,
B-inter-varsity-urbana,inter-varsity-urbana,B,Abridger,V1=VERIFIED,TODO,,charter_abridged.md,
P-inter-varsity-urbana,inter-varsity-urbana,P,Coordinator/Human,V1=VERIFIED,TODO,,rights/permissions_log.csv row,
D-inter-varsity-urbana,inter-varsity-urbana,D,Writer,"B,V1=VERIFIED",TODO,,chapters/<part>-<nn>-<slug>.md,
V2-inter-varsity-urbana,inter-varsity-urbana,V2,Verifier,D,TODO,,verification.md,
ED-inter-varsity-urbana,inter-varsity-urbana,ED,Editor,"V2=VERIFIED,X-001",TODO,,edited chapter+editlog,
H-inter-varsity-urbana,inter-varsity-urbana,H,Human,"ED,P",TODO,,status ACCEPTED,
S-new-tribes-mission,new-tribes-mission,S,Scout,C-001,TODO,,"sources.csv,scout_notes.md",
F-new-tribes-mission,new-tribes-mission,F,Fetcher,S,TODO,,"raw/,text/",
E-new-tribes-mission,new-tribes-mission,E,Extractor,F,TODO,,"dossier.md,quotes.jsonl,discrepancies.md",
V1-new-tribes-mission,new-tribes-mission,V1,Verifier,E,TODO,,verification.md,
B-new-tribes-mission,new-tribes-mission,B,Abridger,V1=VERIFIED,TODO,,charter_abridged.md,
P-new-tribes-mission,new-tribes-mission,P,Coordinator/Human,V1=VERIFIED,TODO,,rights/permissions_log.csv row,
D-new-tribes-mission,new-tribes-mission,D,Writer,"B,V1=VERIFIED",TODO,,chapters/<part>-<nn>-<slug>.md,
V2-new-tribes-mission,new-tribes-mission,V2,Verifier,D,TODO,,verification.md,
ED-new-tribes-mission,new-tribes-mission,ED,Editor,"V2=VERIFIED,X-001",TODO,,edited chapter+editlog,
H-new-tribes-mission,new-tribes-mission,H,Human,"ED,P",TODO,,status ACCEPTED,
S-maf,maf,S,Scout,C-001,TODO,,"sources.csv,scout_notes.md",
F-maf,maf,F,Fetcher,S,TODO,,"raw/,text/",
E-maf,maf,E,Extractor,F,TODO,,"dossier.md,quotes.jsonl,discrepancies.md",
V1-maf,maf,V1,Verifier,E,TODO,,verification.md,
B-maf,maf,B,Abridger,V1=VERIFIED,TODO,,charter_abridged.md,
P-maf,maf,P,Coordinator/Human,V1=VERIFIED,TODO,,rights/permissions_log.csv row,
D-maf,maf,D,Writer,"B,V1=VERIFIED",TODO,,chapters/<part>-<nn>-<slug>.md,
V2-maf,maf,V2,Verifier,D,TODO,,verification.md,
ED-maf,maf,ED,Editor,"V2=VERIFIED,X-001",TODO,,edited chapter+editlog,
H-maf,maf,H,Human,"ED,P",TODO,,status ACCEPTED,
S-westminster-chapel-fellowship,westminster-chapel-fellowship,S,Scout,C-001,TODO,,"sources.csv,scout_notes.md",
F-westminster-chapel-fellowship,westminster-chapel-fellowship,F,Fetcher,S,TODO,,"raw/,text/",
E-westminster-chapel-fellowship,westminster-chapel-fellowship,E,Extractor,F,TODO,,"dossier.md,quotes.jsonl,discrepancies.md",
V1-westminster-chapel-fellowship,westminster-chapel-fellowship,V1,Verifier,E,TODO,,verification.md,
B-westminster-chapel-fellowship,westminster-chapel-fellowship,B,Abridger,V1=VERIFIED,TODO,,charter_abridged.md,
P-westminster-chapel-fellowship,westminster-chapel-fellowship,P,Coordinator/Human,V1=VERIFIED,TODO,,rights/permissions_log.csv row,
D-westminster-chapel-fellowship,westminster-chapel-fellowship,D,Writer,"B,V1=VERIFIED",TODO,,chapters/<part>-<nn>-<slug>.md,
V2-westminster-chapel-fellowship,westminster-chapel-fellowship,V2,Verifier,D,TODO,,verification.md,
ED-westminster-chapel-fellowship,westminster-chapel-fellowship,ED,Editor,"V2=VERIFIED,X-001",TODO,,edited chapter+editlog,
H-westminster-chapel-fellowship,westminster-chapel-fellowship,H,Human,"ED,P",TODO,,status ACCEPTED,
S-evangelical-library-ifes-banner,evangelical-library-ifes-banner,S,Scout,C-001,TODO,,"sources.csv,scout_notes.md",
F-evangelical-library-ifes-banner,evangelical-library-ifes-banner,F,Fetcher,S,TODO,,"raw/,text/",
E-evangelical-library-ifes-banner,evangelical-library-ifes-banner,E,Extractor,F,TODO,,"dossier.md,quotes.jsonl,discrepancies.md",
V1-evangelical-library-ifes-banner,evangelical-library-ifes-banner,V1,Verifier,E,TODO,,verification.md,
B-evangelical-library-ifes-banner,evangelical-library-ifes-banner,B,Abridger,V1=VERIFIED,TODO,,charter_abridged.md,
P-evangelical-library-ifes-banner,evangelical-library-ifes-banner,P,Coordinator/Human,V1=VERIFIED,TODO,,rights/permissions_log.csv row,
D-evangelical-library-ifes-banner,evangelical-library-ifes-banner,D,Writer,"B,V1=VERIFIED",TODO,,chapters/<part>-<nn>-<slug>.md,
V2-evangelical-library-ifes-banner,evangelical-library-ifes-banner,V2,Verifier,D,TODO,,verification.md,
ED-evangelical-library-ifes-banner,evangelical-library-ifes-banner,ED,Editor,"V2=VERIFIED,X-001",TODO,,edited chapter+editlog,
H-evangelical-library-ifes-banner,evangelical-library-ifes-banner,H,Human,"ED,P",TODO,,status ACCEPTED,
S-london-theological-seminary,london-theological-seminary,S,Scout,C-001,TODO,,"sources.csv,scout_notes.md",
F-london-theological-seminary,london-theological-seminary,F,Fetcher,S,TODO,,"raw/,text/",
E-london-theological-seminary,london-theological-seminary,E,Extractor,F,TODO,,"dossier.md,quotes.jsonl,discrepancies.md",
V1-london-theological-seminary,london-theological-seminary,V1,Verifier,E,TODO,,verification.md,
B-london-theological-seminary,london-theological-seminary,B,Abridger,V1=VERIFIED,TODO,,charter_abridged.md,
P-london-theological-seminary,london-theological-seminary,P,Coordinator/Human,V1=VERIFIED,TODO,,rights/permissions_log.csv row,
D-london-theological-seminary,london-theological-seminary,D,Writer,"B,V1=VERIFIED",TODO,,chapters/<part>-<nn>-<slug>.md,
V2-london-theological-seminary,london-theological-seminary,V2,Verifier,D,TODO,,verification.md,
ED-london-theological-seminary,london-theological-seminary,ED,Editor,"V2=VERIFIED,X-001",TODO,,edited chapter+editlog,
H-london-theological-seminary,london-theological-seminary,H,Human,"ED,P",TODO,,status ACCEPTED,
S-omf,omf,S,Scout,C-001,TODO,,"sources.csv,scout_notes.md",
F-omf,omf,F,Fetcher,S,TODO,,"raw/,text/",
E-omf,omf,E,Extractor,F,TODO,,"dossier.md,quotes.jsonl,discrepancies.md",
V1-omf,omf,V1,Verifier,E,TODO,,verification.md,
B-omf,omf,B,Abridger,V1=VERIFIED,TODO,,charter_abridged.md,
P-omf,omf,P,Coordinator/Human,V1=VERIFIED,TODO,,rights/permissions_log.csv row,
D-omf,omf,D,Writer,"B,V1=VERIFIED",TODO,,chapters/<part>-<nn>-<slug>.md,
V2-omf,omf,V2,Verifier,D,TODO,,verification.md,
ED-omf,omf,ED,Editor,"V2=VERIFIED,X-001",TODO,,edited chapter+editlog,
H-omf,omf,H,Human,"ED,P",TODO,,status ACCEPTED,
S-modern-reformed-seminaries,modern-reformed-seminaries,S,Scout,C-001,TODO,,"sources.csv,scout_notes.md",
E-modern-reformed-seminaries,modern-reformed-seminaries,E,Extractor,F,TODO,,"dossier.md,quotes.jsonl,discrepancies.md",
X-001,,X,,All Tier A V1 VERIFIED,TODO,,comparative_tables.md,
X-002,,X,,X-001,TODO,,lineage_chart.md,
X-003,,X,,X-001,TODO,,timeline.md,
X-004,,X,,All Tier A D DONE,TODO,,glossary.md,
X-005,,X,,X-001..X-003,TODO,,introduction_brief.md,
X-006,,X,,X-005,TODO,,Introduction,
P-000,,X,,C-005,TODO,,rights policy,
F-001,,X,,"All ED DONE, all H ACCEPTED",TODO,,manuscript.md,
F-002,,X,,F-001,TODO,,global check report,
F-003,,X,,F-002,TODO,,audit report,
F-004,,X,,F-003,TODO,,final acceptance,
X-007-I,,X,Writer,all chapters of Part I V2 VERIFIED,TODO,,part intro,
X-007-II,,X,Writer,all chapters of Part II V2 VERIFIED,TODO,,part intro,
X-007-III,,X,Writer,all chapters of Part III V2 VERIFIED,TODO,,part intro,
X-007-IV,,X,Writer,all chapters of Part IV V2 VERIFIED,TODO,,part intro,
X-007-V,,X,Writer,all chapters of Part V V2 VERIFIED,TODO,,part intro,
X-007-VI,,X,Writer,all chapters of Part VI V2 VERIFIED,TODO,,part intro,
